{"masa_piel": {"mean": 0.009794481252393626, "moe": 0.002059257002696493, "max_error": 0.011853738255090118}, "masa_adiposa": {"mean": 3.028840901820798, "moe": 0.7414490640450069, "max_error": 3.7702899658658047}, "masa_muscular": {"mean": 1.537414040343014, "moe": 0.3356240921484084, "max_error": 1.8730381324914225}, "masa_residual": {"mean": 0.324774255817938, "moe": 0.06783481494559036, "max_error": 0.39260907076352836}, "masa_osea": {"mean": 0.44935834690672605, "moe": 0.08745082871985886, "max_error": 0.5368091756265849}}