{"masa_piel": {"mean": 0.00911364117729418, "moe": 0.002553929441213015, "max_error": 0.011667570618507195}, "masa_adiposa": {"mean": 2.2609150950859087, "moe": 0.5409197015892566, "max_error": 2.8018347966751653}, "masa_muscular": {"mean": 1.1215281367152843, "moe": 0.2325078800004533, "max_error": 1.3540360167157375}, "masa_residual": {"mean": 0.3288789169739835, "moe": 0.08067299353881086, "max_error": 0.4095519105127944}, "masa_osea": {"mean": 0.4070459353243001, "moe": 0.07632829691371938, "max_error": 0.4833742322380195}}