{"edad": 28.47493658654427, "peso": 81.46078431372548, "talla": 171.79084967320262, "per_brazo_rel": 31.33267973856209, "per_brazo_ten": 34.001960784313724, "per_antebrazo": 27.53267973856209, "per_torax": 102.22941176470587, "per_cintura": 86.00915032679738, "per_cadera": 100.3529411764706, "per_muslo_max": 58.96601307189542, "per_muslo_medial": 53.79607843137256, "per_pantorrilla": 36.9078431372549, "masa_piel": 4.008242190820922, "masa_adiposa": 23.04575083255087, "masa_muscular": 37.32269013032048, "masa_residual": 9.609309340964098, "masa_osea": 9.602205242405065}