{"edad": 31.728635582043708, "peso": 67.23231707317072, "talla": 160.85670731707316, "per_brazo_rel": 27.986585365853653, "per_brazo_ten": 28.88719512195122, "per_antebrazo": 23.962195121951222, "per_torax": 90.34817073170731, "per_cintura": 76.27804878048781, "per_cadera": 100.08902439024389, "per_muslo_max": 58.07987804878048, "per_muslo_medial": 50.537804878048775, "per_pantorrilla": 34.90426829268292, "masa_piel": 3.5644228112314633, "masa_adiposa": 24.53204978394714, "masa_muscular": 24.499366974576176, "masa_residual": 7.2168036719381705, "masa_osea": 7.723599802359281}