{"edad": 11.342529063998859, "peso": 13.2477475153377, "talla": 6.369926766128139, "per_brazo_rel": 3.3774155071600807, "per_brazo_ten": 3.3512776702391496, "per_antebrazo": 1.9842100771857567, "per_torax": 8.107002748597282, "per_cintura": 9.434683752997673, "per_cadera": 8.265146068469921, "per_muslo_max": 5.882001035477271, "per_muslo_medial": 5.3777236556274515, "per_pantorrilla": 3.155078691127899, "masa_piel": 0.3533360967383708, "masa_adiposa": 8.62408633240412, "masa_muscular": 4.4525827610274655, "masa_residual": 1.9363853478434652, "masa_osea": 1.2208648683326968}