{"edad": 7.944893104981492, "peso": 13.066717640904342, "talla": 6.520114217165584, "per_brazo_rel": 2.989495426211048, "per_brazo_ten": 3.293463833833279, "per_antebrazo": 1.9374029709272735, "per_torax": 7.904569650665942, "per_cintura": 9.955607778884724, "per_cadera": 6.726851719469336, "per_muslo_max": 4.7107402954744755, "per_muslo_medial": 4.426978926408017, "per_pantorrilla": 3.028429535075302, "masa_piel": 0.3150516237091989, "masa_adiposa": 7.259513165856556, "masa_muscular": 6.197121362044113, "masa_residual": 1.9949524526124622, "masa_osea": 1.3965488636593881}